"Entity","Code","Year","infection_by_pmtct","new_infection_children"
"Afghanistan","AFG",2010,0.56216,38.9364
"Afghanistan","AFG",2011,0.56881,40.3297
"Afghanistan","AFG",2012,0.28309,42.5975
"Afghanistan","AFG",2013,1.55712,43.6492
"Afghanistan","AFG",2014,2.25488,45.4128
"Afghanistan","AFG",2015,1.9752,48.2435
"Afghanistan","AFG",2016,2.25804,50.2656
"Algeria","DZA",2010,28.894,36.033
"Algeria","DZA",2011,31.1813,41.6683
"Algeria","DZA",2012,29.9186,50.4443
"Algeria","DZA",2013,47.4432,36.9275
"Algeria","DZA",2014,27.3821,60.6083
"Algeria","DZA",2015,26.4243,65.4509
"Algeria","DZA",2016,44.7243,50.2043
"Angola","AGO",2010,507.963,3844.14
"Angola","AGO",2011,360.057,4179.24
"Angola","AGO",2012,445.701,4268.68
"Angola","AGO",2013,1271.76,3565.64
"Angola","AGO",2014,2009.84,2970.6
"Angola","AGO",2015,2048.54,3178.94
"Angola","AGO",2016,1821.25,3625.79
"Argentina","ARG",2010,234.332,76.1086
"Argentina","ARG",2011,248.812,58.3158
"Argentina","ARG",2012,255.126,58.8359
"Argentina","ARG",2013,260.369,56.5563
"Argentina","ARG",2014,260.819,56.7341
"Argentina","ARG",2015,258.881,55.752
"Argentina","ARG",2016,262.839,56.1631
"Asia and the Pacific",NA,2010,4236.95,24273.5
"Asia and the Pacific",NA,2011,3987.2,23885.9
"Asia and the Pacific",NA,2012,4481.79,22475.6
"Asia and the Pacific",NA,2013,4668.42,21230
"Asia and the Pacific",NA,2014,6884.66,18376.8
"Asia and the Pacific",NA,2015,7725.99,17118.7
"Asia and the Pacific",NA,2016,9103.04,15249.1
"Australia","AUS",2010,15.7419,0.12822
"Australia","AUS",2011,3.87175,0.13507
"Australia","AUS",2012,6.20139,0.1418
"Australia","AUS",2013,11.1395,0.14928
"Australia","AUS",2014,19.0485,0.16075
"Australia","AUS",2015,19.7058,0.1718
"Australia","AUS",2016,20.3456,0.18448
"Azerbaijan","AZE",2010,2.494,18.8533
"Azerbaijan","AZE",2011,3.43601,15.8648
"Azerbaijan","AZE",2012,5.26909,16.9105
"Azerbaijan","AZE",2013,8.9396,15.2474
"Azerbaijan","AZE",2014,8.4213,14.6124
"Azerbaijan","AZE",2015,10.1705,15.0978
"Azerbaijan","AZE",2016,13.9368,12.1588
"Bangladesh","BGD",2010,4.28698,43.5669
"Bangladesh","BGD",2011,2.7598,46.0402
"Bangladesh","BGD",2012,4.27174,44.7972
"Bangladesh","BGD",2013,4.45878,44.706
"Bangladesh","BGD",2014,6.8883,42.232
"Bangladesh","BGD",2015,5.39958,43.6612
"Bangladesh","BGD",2016,5.66548,43.242
"Belize","BLZ",2010,9.83621,11.3643
"Belize","BLZ",2011,12.9133,11.2971
"Belize","BLZ",2012,8.29837,17.5232
"Belize","BLZ",2013,13.9467,11.8964
"Belize","BLZ",2014,20.9805,12.7581
"Belize","BLZ",2015,21.3837,11.7628
"Belize","BLZ",2016,21.451,17.8638
"Benin","BEN",2010,234.903,1052.81
"Benin","BEN",2011,246.959,1034.93
"Benin","BEN",2012,272.112,993.696
"Benin","BEN",2013,262.243,995.653
"Benin","BEN",2014,428.204,834.171
"Benin","BEN",2015,682.032,573.612
"Benin","BEN",2016,790.434,432.842
"Bolivia","BOL",2010,43.3768,73.8182
"Bolivia","BOL",2011,43.8434,69.1472
"Bolivia","BOL",2012,70.1182,37.6578
"Bolivia","BOL",2013,63.3756,41.9175
"Bolivia","BOL",2014,67.9552,36.6515
"Bolivia","BOL",2015,80.7213,22.5642
"Bolivia","BOL",2016,91.3626,11.975
"Botswana","BWA",2010,2365.56,1014.8
"Botswana","BWA",2011,2362.5,1178.21
"Botswana","BWA",2012,2116.93,978.348
"Botswana","BWA",2013,2286.31,769.957
"Botswana","BWA",2014,2129.44,809.878
"Botswana","BWA",2015,2177.43,661.219
"Botswana","BWA",2016,2139.02,563.22
"Brazil","BRA",2010,1117.69,1230.03
"Brazil","BRA",2011,1129.9,1211.94
"Brazil","BRA",2012,1229.44,1101.99
"Brazil","BRA",2013,1261.01,1054.71
"Brazil","BRA",2014,1318.72,977.939
"Brazil","BRA",2015,1425.04,851.303
"Brazil","BRA",2016,1742.8,513.545
"Burkina Faso","BFA",2010,457.229,1435.67
"Burkina Faso","BFA",2011,507.57,1323.14
"Burkina Faso","BFA",2012,666.525,1149.38
"Burkina Faso","BFA",2013,698.395,1135.09
"Burkina Faso","BFA",2014,938.69,863.608
"Burkina Faso","BFA",2015,1335.17,438.355
"Burkina Faso","BFA",2016,1197.61,546.926
"Burundi","BDI",2010,534.089,1779.21
"Burundi","BDI",2011,534.323,1619.35
"Burundi","BDI",2012,532.329,1461.36
"Burundi","BDI",2013,592.785,1273.48
"Burundi","BDI",2014,657.574,1106.01
"Burundi","BDI",2015,990.218,648.697
"Burundi","BDI",2016,1058.53,428.599
"Cambodia","KHM",2010,141.104,359.522
"Cambodia","KHM",2011,172.362,295.811
"Cambodia","KHM",2012,183.235,254.472
"Cambodia","KHM",2013,199.146,205.724
"Cambodia","KHM",2014,212.693,156.677
"Cambodia","KHM",2015,228.02,109.658
"Cambodia","KHM",2016,208.777,99.3788
"Cameroon","CMR",2010,2972.31,7060.67
"Cameroon","CMR",2011,2634.45,7193.46
"Cameroon","CMR",2012,2799.7,6676.08
"Cameroon","CMR",2013,3657.07,5758.48
"Cameroon","CMR",2014,4095.14,5340.2
"Cameroon","CMR",2015,5471.46,3815.5
"Cameroon","CMR",2016,5192,3982.37
"Cape Verde","CPV",2016,12.795,3.7867
"Cape Verde","CPV",2010,NA,12.3959
"Cape Verde","CPV",2011,NA,11.6141
"Cape Verde","CPV",2012,NA,11.3611
"Cape Verde","CPV",2013,NA,10.0448
"Cape Verde","CPV",2014,NA,6.8674
"Cape Verde","CPV",2015,NA,5.03137
"Caribbean",NA,2010,725.802,1779.54
"Caribbean",NA,2011,1237.82,1275.57
"Caribbean",NA,2012,1604.23,825.068
"Caribbean",NA,2013,1778.12,729.717
"Caribbean",NA,2014,1853.19,784.112
"Caribbean",NA,2015,1818.49,779.633
"Caribbean",NA,2016,1746.76,796.627
"Central African Republic","CAF",2010,282.46,1390.78
"Central African Republic","CAF",2011,356.772,1282.07
"Central African Republic","CAF",2012,383.76,1229.28
"Central African Republic","CAF",2013,213.656,1365.97
"Central African Republic","CAF",2014,447.529,1106.34
"Central African Republic","CAF",2015,603.883,938.023
"Central African Republic","CAF",2016,984.871,563.878
"Chad","TCD",2010,222.878,1946.07
"Chad","TCD",2011,271.56,1928.08
"Chad","TCD",2012,462.218,1731.18
"Chad","TCD",2013,829.119,1325.82
"Chad","TCD",2014,554.273,1548.75
"Chad","TCD",2015,1119.6,916.681
"Chad","TCD",2016,992.277,986.404
"Chile","CHL",2010,30.394,69.5329
"Chile","CHL",2011,32.529,73.3091
"Chile","CHL",2012,57.8578,53.6115
"Chile","CHL",2013,50.5377,65.9417
"Chile","CHL",2014,50.7581,71.6639
"Chile","CHL",2015,49.5569,82.3691
"Chile","CHL",2016,50.0971,88.5861
"Colombia","COL",2010,211.849,52.7418
"Colombia","COL",2011,186.355,58.1383
"Colombia","COL",2012,180.491,52.3553
"Colombia","COL",2013,178.128,49.6584
"Colombia","COL",2014,180.13,40.4135
"Colombia","COL",2015,161.895,47.654
"Colombia","COL",2016,181.371,20.7944
"Congo","COG",2010,105.671,915.391
"Congo","COG",2011,217.01,836.525
"Congo","COG",2012,196.004,887.346
"Congo","COG",2013,264.918,883.91
"Congo","COG",2014,212.281,962.891
"Congo","COG",2015,213.63,971.004
"Congo","COG",2016,138.299,1058.2
"Costa Rica","CRI",2010,7.61048,6.91297
"Costa Rica","CRI",2011,7.75443,7.93205
"Costa Rica","CRI",2012,8.11692,8.33487
"Costa Rica","CRI",2013,9.75745,7.29382
"Costa Rica","CRI",2014,11.7078,5.62449
"Costa Rica","CRI",2015,10.1723,7.05993
"Costa Rica","CRI",2016,10.543,7.04286
"Cote d'Ivoire","CIV",2010,3214.57,5504.93
"Cote d'Ivoire","CIV",2011,3076.34,5556.84
"Cote d'Ivoire","CIV",2012,2369.59,6022.54
"Cote d'Ivoire","CIV",2013,2930.17,5133.34
"Cote d'Ivoire","CIV",2014,3050.07,4728.6
"Cote d'Ivoire","CIV",2015,3161.47,4072.47
"Cote d'Ivoire","CIV",2016,3518.95,3274.61
"Cuba","CUB",2010,16.3069,13.3536
"Cuba","CUB",2011,23.4853,13.4508
"Cuba","CUB",2012,26.4685,10.5688
"Cuba","CUB",2013,21.4947,19.7352
"Cuba","CUB",2014,21.2831,27.2398
"Cuba","CUB",2015,34.1621,21.8968
"Cuba","CUB",2016,36.8958,29.5931
"Democratic Republic of Congo","COD",2010,452.4,8183.17
"Democratic Republic of Congo","COD",2011,449.748,7813.08
"Democratic Republic of Congo","COD",2012,508.846,7358.82
"Democratic Republic of Congo","COD",2013,1188.58,6319.93
"Democratic Republic of Congo","COD",2014,2086.49,5220.54
"Democratic Republic of Congo","COD",2015,3253.58,3898.15
"Democratic Republic of Congo","COD",2016,4064.05,2941.55
"Djibouti","DJI",2010,5.12393,119.544
"Djibouti","DJI",2011,7.17083,109.122
"Djibouti","DJI",2012,6.36059,101.913
"Djibouti","DJI",2013,4.81277,97.4148
"Djibouti","DJI",2014,17.2217,80.1084
"Djibouti","DJI",2015,21.3216,72.1931
"Djibouti","DJI",2016,23.3123,66.9534
"Dominican Republic","DOM",2010,134.687,186.142
"Dominican Republic","DOM",2011,140.01,94.6321
"Dominican Republic","DOM",2012,132.434,63.6734
"Dominican Republic","DOM",2013,192.342,97.8645
"Dominican Republic","DOM",2014,187.382,64.2579
"Dominican Republic","DOM",2015,173.038,87.2439
"Dominican Republic","DOM",2016,158.501,76.149
"East and Southern Africa",NA,2010,136848,173763
"East and Southern Africa",NA,2011,149315,155683
"East and Southern Africa",NA,2012,165289,137710
"East and Southern Africa",NA,2013,177059,119415
"East and Southern Africa",NA,2014,206670,94405.1
"East and Southern Africa",NA,2015,219190,83366.7
"East and Southern Africa",NA,2016,213876,77087.8
"Ecuador","ECU",2016,105.324,25.8202
"Ecuador","ECU",2010,NA,23.2509
"Ecuador","ECU",2011,NA,23.5431
"Ecuador","ECU",2012,NA,23.7841
"Ecuador","ECU",2013,NA,24.3088
"Ecuador","ECU",2014,NA,24.8746
"Ecuador","ECU",2015,NA,25.3187
"Egypt","EGY",2010,2.20327,33.2973
"Egypt","EGY",2011,1.37977,39.0517
"Egypt","EGY",2012,1.7556,44.0614
"Egypt","EGY",2013,4.71459,46.7674
"Egypt","EGY",2014,3.79377,52.8745
"Egypt","EGY",2015,7.92249,53.6958
"Egypt","EGY",2016,11.3854,55.2876
"El Salvador","SLV",2010,22.1378,70.2772
"El Salvador","SLV",2011,24.754,66.39
"El Salvador","SLV",2012,34.6141,53.87
"El Salvador","SLV",2013,38.1178,47.256
"El Salvador","SLV",2014,45.3559,42.0319
"El Salvador","SLV",2015,43.5431,43.7412
"El Salvador","SLV",2016,39.3364,46.2736
"Equatorial Guinea","GNQ",2010,66.1222,407.479
"Equatorial Guinea","GNQ",2011,35.9447,453.775
"Equatorial Guinea","GNQ",2012,60.562,435.705
"Equatorial Guinea","GNQ",2013,181.321,322.878
"Equatorial Guinea","GNQ",2014,254.843,263.045
"Equatorial Guinea","GNQ",2015,269.958,310.72
"Equatorial Guinea","GNQ",2016,429.83,176.953
"Eritrea","ERI",2010,67.9155,202.184
"Eritrea","ERI",2011,87.6149,162.512
"Eritrea","ERI",2012,109.173,126.816
"Eritrea","ERI",2013,110.493,111.472
"Eritrea","ERI",2014,115.67,92.8692
"Eritrea","ERI",2015,83.4142,114.636
"Eritrea","ERI",2016,58.0126,131.346
"Eswatini","SWZ",2010,1319.27,1765.07
"Eswatini","SWZ",2011,1525.82,1495.03
"Eswatini","SWZ",2012,1489.46,1475.63
"Eswatini","SWZ",2013,1573.95,1349.16
"Eswatini","SWZ",2014,1926.66,943.296
"Eswatini","SWZ",2015,2057.18,759.864
"Eswatini","SWZ",2016,2024.31,660.45
"Ethiopia","ETH",2010,1177.44,8249.44
"Ethiopia","ETH",2011,1979.56,7060.51
"Ethiopia","ETH",2012,3032.22,5806.17
"Ethiopia","ETH",2013,3932.99,4677.75
"Ethiopia","ETH",2014,5105.76,3262.13
"Ethiopia","ETH",2015,4767.97,3441.63
"Ethiopia","ETH",2016,4245.47,3846.31
"France","FRA",2010,252.195,32.6714
"France","FRA",2011,255.061,33.1291
"France","FRA",2012,257.527,33.5366
"France","FRA",2013,259.486,33.8749
"France","FRA",2014,261.464,34.0951
"France","FRA",2015,262.323,34.2247
"France","FRA",2016,262.892,34.3828
"Gabon","GAB",2010,126.272,719.351
"Gabon","GAB",2011,160.835,654.317
"Gabon","GAB",2012,202.967,568.637
"Gabon","GAB",2013,273.248,450.603
"Gabon","GAB",2014,287.584,427.225
"Gabon","GAB",2015,341.278,352.174
"Gabon","GAB",2016,419.731,243.461
"Gambia","GMB",2010,98.8148,224.486
"Gambia","GMB",2011,118.694,201.553
"Gambia","GMB",2012,149.261,174.589
"Gambia","GMB",2013,107.89,226.782
"Gambia","GMB",2014,109.075,226.344
"Gambia","GMB",2015,145.881,184.613
"Gambia","GMB",2016,157.296,168.193
"Georgia","GEO",2010,4.98217,11.4738
"Georgia","GEO",2011,4.15809,13.7952
"Georgia","GEO",2012,3.82159,15.4948
"Georgia","GEO",2013,7.30913,13.5413
"Georgia","GEO",2014,10.5969,11.8572
"Georgia","GEO",2015,10.7088,13.4133
"Georgia","GEO",2016,9.0058,16.7324
"Ghana","GHA",2010,849.747,5608.71
"Ghana","GHA",2011,1656.24,4465.41
"Ghana","GHA",2012,1811.53,4039.68
"Ghana","GHA",2013,1446.25,4244.49
"Ghana","GHA",2014,1641.15,3925.9
"Ghana","GHA",2015,1554.28,3887.25
"Ghana","GHA",2016,2262.2,3043.35
"Guatemala","GTM",2010,71.6095,217.168
"Guatemala","GTM",2011,92.6675,236.363
"Guatemala","GTM",2012,68.3163,279.241
"Guatemala","GTM",2013,108.234,246.559
"Guatemala","GTM",2014,93.1277,261.379
"Guatemala","GTM",2015,61.3134,295.561
"Guatemala","GTM",2016,62.2711,298.142
"Guinea","GIN",2010,137.52,1710.93
"Guinea","GIN",2011,245.336,1638.75
"Guinea","GIN",2012,281.636,1607.77
"Guinea","GIN",2013,1088.38,833.215
"Guinea","GIN",2014,978.257,989.151
"Guinea","GIN",2015,231.314,1754.15
"Guinea","GIN",2016,644.131,1341.14
"Guinea-Bissau","GNB",2010,42.7155,752.637
"Guinea-Bissau","GNB",2011,68.1208,697.5
"Guinea-Bissau","GNB",2012,101.858,626.606
"Guinea-Bissau","GNB",2013,207.511,384.503
"Guinea-Bissau","GNB",2014,276.669,408.936
"Guinea-Bissau","GNB",2015,234.65,417.676
"Guinea-Bissau","GNB",2016,419.746,202.034
"Guyana","GUY",2010,33.4967,22.6621
"Guyana","GUY",2011,39.1617,17.7379
"Guyana","GUY",2012,40.1266,17.4691
"Guyana","GUY",2013,48.7369,10.9244
"Guyana","GUY",2014,44.5795,16.6638
"Guyana","GUY",2015,46.1394,18.8873
"Guyana","GUY",2016,41.7028,26.0609
"Haiti","HTI",2010,406.325,1483.13
"Haiti","HTI",2011,908.484,1068.36
"Haiti","HTI",2012,1283.2,661.147
"Haiti","HTI",2013,1400.93,534.363
"Haiti","HTI",2014,1457.17,624.92
"Haiti","HTI",2015,1424.52,590.965
"Haiti","HTI",2016,1375.88,605.716
"Honduras","HND",2010,51.7791,60.5354
"Honduras","HND",2011,62.4475,42.0045
"Honduras","HND",2012,61.432,35.9072
"Honduras","HND",2013,52.694,38.8853
"Honduras","HND",2014,55.501,37.137
"Honduras","HND",2015,49.4402,40.9558
"Honduras","HND",2016,46.7598,41.3335
"Indonesia","IDN",2010,504.644,2323.29
"Indonesia","IDN",2011,440.669,2631.81
"Indonesia","IDN",2012,622.803,2653.43
"Indonesia","IDN",2013,660.002,2778.82
"Indonesia","IDN",2014,727.657,2806.23
"Indonesia","IDN",2015,508.558,3079.54
"Indonesia","IDN",2016,459.06,3156.23
"Iran","IRN",2010,9.68445,159.812
"Iran","IRN",2011,12.5136,162.132
"Iran","IRN",2012,22.3051,154.119
"Iran","IRN",2013,25.6917,153.727
"Iran","IRN",2014,38.4782,141.53
"Iran","IRN",2015,84.6076,94.515
"Iran","IRN",2016,74.2877,75.7007
"Ireland","IRL",2010,14.9677,0.1666
"Ireland","IRL",2011,14.681,0.16608
"Ireland","IRL",2012,14.4481,0.16426
"Ireland","IRL",2013,14.0778,0.15901
"Ireland","IRL",2014,13.5585,0.15353
"Ireland","IRL",2015,13.1144,0.14759
"Ireland","IRL",2016,12.5764,0.14134
"Italy","ITA",2010,89.0911,53.098
"Italy","ITA",2011,86.8964,47.4906
"Italy","ITA",2012,81.7481,45.0322
"Italy","ITA",2013,78.289,44.9481
"Italy","ITA",2014,74.4084,45.6003
"Italy","ITA",2015,65.4088,46.6392
"Italy","ITA",2016,63.7537,52.0209
"Jamaica","JAM",2016,66.5222,13.3127
"Jamaica","JAM",2010,NA,22.6551
"Jamaica","JAM",2011,NA,33.0555
"Jamaica","JAM",2012,NA,31.5391
"Jamaica","JAM",2013,NA,30.7193
"Jamaica","JAM",2014,NA,13.2321
"Jamaica","JAM",2015,NA,13.4768
"Kazakhstan","KAZ",2010,31.9174,36.9025
"Kazakhstan","KAZ",2011,38.9404,40.4358
"Kazakhstan","KAZ",2012,44.7232,43.7859
"Kazakhstan","KAZ",2013,52.1969,46.5879
"Kazakhstan","KAZ",2014,61.8486,57.4949
"Kazakhstan","KAZ",2015,80.0553,59.9879
"Kazakhstan","KAZ",2016,93.6124,62.3722
"Kenya","KEN",2010,9395.06,14904.5
"Kenya","KEN",2011,11107.3,12024.9
"Kenya","KEN",2012,8962.61,13620
"Kenya","KEN",2013,7994.85,13723.3
"Kenya","KEN",2014,10950.9,10218.1
"Kenya","KEN",2015,13369.3,6185.68
"Kenya","KEN",2016,12714.6,6090.79
"Kyrgyzstan","KGZ",2010,17.6247,18.3421
"Kyrgyzstan","KGZ",2011,16.6708,23.2885
"Kyrgyzstan","KGZ",2012,25.5538,18.7826
"Kyrgyzstan","KGZ",2013,27.6249,20.197
"Kyrgyzstan","KGZ",2014,31.4358,19.7749
"Kyrgyzstan","KGZ",2015,25.3407,22.7429
"Kyrgyzstan","KGZ",2016,30.9103,19.1917
"Laos","LAO",2010,7.07432,98.6496
"Laos","LAO",2011,13.7368,96.0618
"Laos","LAO",2012,11.7017,99.9885
"Laos","LAO",2013,13.328,99.079
"Laos","LAO",2014,7.30322,104.387
"Laos","LAO",2015,8.04451,102.349
"Laos","LAO",2016,36.6095,73.7002
"Latin America",NA,2010,2356.59,2872.94
"Latin America",NA,2011,2431.82,2822.04
"Latin America",NA,2012,2648.59,2596.31
"Latin America",NA,2013,2801.67,2430.71
"Latin America",NA,2014,2929.8,2309.59
"Latin America",NA,2015,3077.88,2115.7
"Latin America",NA,2016,3437.35,1756.56
"Latvia","LVA",2010,10.454,1.72202
"Latvia","LVA",2011,10.6082,1.74977
"Latvia","LVA",2012,10.7425,1.77424
"Latvia","LVA",2013,10.937,1.81391
"Latvia","LVA",2014,11.1809,1.86093
"Latvia","LVA",2015,11.4791,1.91756
"Latvia","LVA",2016,11.6694,1.94005
"Liberia","LBR",2010,97.2152,581.493
"Liberia","LBR",2011,155.829,497.574
"Liberia","LBR",2012,162.15,478.094
"Liberia","LBR",2013,127.655,503.006
"Liberia","LBR",2014,127.442,498.802
"Liberia","LBR",2015,245.04,380.22
"Liberia","LBR",2016,294.281,323.454
"Luxembourg","LUX",2010,0,1.66394
"Luxembourg","LUX",2011,0,1.7204
"Luxembourg","LUX",2012,0,1.77801
"Luxembourg","LUX",2013,0,1.90167
"Luxembourg","LUX",2014,0,2.02625
"Luxembourg","LUX",2015,1.40316,0.71011
"Luxembourg","LUX",2016,1.19233,1.02484
"Madagascar","MDG",2010,2.60816,270.377
"Madagascar","MDG",2011,16.1068,261.591
"Madagascar","MDG",2012,11.5858,274.557
"Madagascar","MDG",2013,9.22541,288.894
"Madagascar","MDG",2014,8.5579,304.994
"Madagascar","MDG",2015,7.89664,324.545
"Madagascar","MDG",2016,4.3531,350.967
"Malawi","MWI",2010,3032.35,16748.3
"Malawi","MWI",2011,6028.11,13277.5
"Malawi","MWI",2012,10309.5,10851.6
"Malawi","MWI",2013,11268,8940.71
"Malawi","MWI",2014,12195.5,7732.8
"Malawi","MWI",2015,13472.2,5567.72
"Malawi","MWI",2016,13662.1,4287.52
"Malaysia","MYS",2010,42.2901,32.0052
"Malaysia","MYS",2011,64.917,8.96506
"Malaysia","MYS",2012,64.0539,10.155
"Malaysia","MYS",2013,63.5002,8.99446
"Malaysia","MYS",2014,63.8613,8.22873
"Malaysia","MYS",2015,58.3353,16.4134
"Malaysia","MYS",2016,50.4909,24.306
"Mali","MLI",2010,550.318,1911.38
"Mali","MLI",2011,730.058,1675.88
"Mali","MLI",2012,713.803,1692.89
"Mali","MLI",2013,536.223,1898.13
"Mali","MLI",2014,605.863,1780.58
"Mali","MLI",2015,694.393,1599.36
"Mali","MLI",2016,617.203,1638.03
"Mauritania","MRT",2016,24.4115,77.6348
"Mauritania","MRT",2010,NA,122.534
"Mauritania","MRT",2011,NA,120.247
"Mauritania","MRT",2012,NA,120.379
"Mauritania","MRT",2013,NA,110.577
"Mauritania","MRT",2014,NA,74.6142
"Mauritania","MRT",2015,NA,74.4316
"Mexico","MEX",2010,140.888,339.873
"Mexico","MEX",2011,142.334,341.613
"Mexico","MEX",2012,177.835,298.448
"Mexico","MEX",2013,242.464,234.899
"Mexico","MEX",2014,266.212,232.594
"Mexico","MEX",2015,306.525,192.716
"Mexico","MEX",2016,265.308,238.345
"Middle East and North Africa",NA,2010,132.645,1411.18
"Middle East and North Africa",NA,2011,123.451,1459.65
"Middle East and North Africa",NA,2012,157.015,1453.41
"Middle East and North Africa",NA,2013,190.79,1443.65
"Middle East and North Africa",NA,2014,212.749,1446.75
"Middle East and North Africa",NA,2015,264.092,1417.95
"Middle East and North Africa",NA,2016,285.626,1384.26
"Moldova","MDA",2010,19.8197,20.9258
"Moldova","MDA",2011,21.0221,22.6202
"Moldova","MDA",2012,20.6765,20.8483
"Moldova","MDA",2013,18.5372,21.8507
"Moldova","MDA",2014,24.1693,22.1864
"Moldova","MDA",2015,26.515,19.4189
"Moldova","MDA",2016,28.8382,14.2073
"Morocco","MAR",2010,33.0031,39.87
"Morocco","MAR",2011,32.99,43.0208
"Morocco","MAR",2012,49.0902,29.0606
"Morocco","MAR",2013,45.8661,34.7896
"Morocco","MAR",2014,52.0338,32.0342
"Morocco","MAR",2015,44.0902,41.0782
"Morocco","MAR",2016,53.8351,32.1176
"Mozambique","MOZ",2010,4241.47,35660.7
"Mozambique","MOZ",2011,7350.79,32213.2
"Mozambique","MOZ",2012,12089.7,27004.6
"Mozambique","MOZ",2013,16284.7,21668.7
"Mozambique","MOZ",2014,19501,16685.1
"Mozambique","MOZ",2015,20079.5,14445.1
"Mozambique","MOZ",2016,19787.3,13227.5
"Myanmar","MMR",2010,487.033,1127.43
"Myanmar","MMR",2011,442.213,1163.29
"Myanmar","MMR",2012,684.624,937.858
"Myanmar","MMR",2013,724.812,900.271
"Myanmar","MMR",2014,897.962,719.114
"Myanmar","MMR",2015,956.591,725.831
"Myanmar","MMR",2016,1200.16,509.215
"Namibia","NAM",2010,1195.04,1599.68
"Namibia","NAM",2011,1147.87,1361.48
"Namibia","NAM",2012,1137.29,1433.54
"Namibia","NAM",2013,1403.66,1226.72
"Namibia","NAM",2014,1782.26,977.225
"Namibia","NAM",2015,1815.97,939.248
"Namibia","NAM",2016,2266.75,426.425
"Nepal","NPL",2010,11.4289,155.142
"Nepal","NPL",2011,23.9269,127.385
"Nepal","NPL",2012,27.0015,111.85
"Nepal","NPL",2013,29.0162,99.2939
"Nepal","NPL",2014,34.7859,82.8363
"Nepal","NPL",2015,40.8085,68.047
"Nepal","NPL",2016,51.035,49.6334
"Netherlands","NLD",2010,16.5926,2.41117
"Netherlands","NLD",2011,17.5644,2.55326
"Netherlands","NLD",2012,18.1222,2.63561
"Netherlands","NLD",2013,19.12,2.81355
"Netherlands","NLD",2014,20.0348,2.98905
"Netherlands","NLD",2015,20.7557,3.14478
"Netherlands","NLD",2016,20.916,3.22145
"Nicaragua","NIC",2010,22.8164,18.1912
"Nicaragua","NIC",2011,28.5916,10.8638
"Nicaragua","NIC",2012,31.1777,7.17543
"Nicaragua","NIC",2013,27.0047,10.6207
"Nicaragua","NIC",2014,27.5342,8.57513
"Nicaragua","NIC",2015,29.7022,5.42808
"Nicaragua","NIC",2016,29.4853,5.08454
"Niger","NER",2010,426.708,640.679
"Niger","NER",2011,313.456,733.385
"Niger","NER",2012,263.884,750.527
"Niger","NER",2013,262.777,724.767
"Niger","NER",2014,309.429,665.602
"Niger","NER",2015,232.787,740.76
"Niger","NER",2016,406.107,520.009
"Nigeria","NGA",2010,4725.08,44257.1
"Nigeria","NGA",2011,5248.62,42942
"Nigeria","NGA",2012,7468.66,39523.6
"Nigeria","NGA",2013,9797.12,36382.8
"Nigeria","NGA",2014,11749.7,34952.9
"Nigeria","NGA",2015,10687.7,37469.9
"Nigeria","NGA",2016,12135.6,36985.5
"Pakistan","PAK",2010,2.81282,508.139
"Pakistan","PAK",2011,5.65095,577.799
"Pakistan","PAK",2012,6.89294,654.628
"Pakistan","PAK",2013,15.8277,715.358
"Pakistan","PAK",2014,18.8767,784.046
"Pakistan","PAK",2015,22.6874,824.727
"Pakistan","PAK",2016,38.2606,891.894
"Papua New Guinea","PNG",2010,9.14982,499.532
"Papua New Guinea","PNG",2011,27.6308,474.568
"Papua New Guinea","PNG",2012,44.7723,455.121
"Papua New Guinea","PNG",2013,133.766,389.528
"Papua New Guinea","PNG",2014,170.985,362.329
"Papua New Guinea","PNG",2015,146.676,401.409
"Papua New Guinea","PNG",2016,289.6,414.519
"Paraguay","PRY",2010,29.2896,41.7743
"Paraguay","PRY",2011,39.9258,33.7453
"Paraguay","PRY",2012,36.8292,38.6047
"Paraguay","PRY",2013,38.3927,38.4603
"Paraguay","PRY",2014,43.9387,34.5623
"Paraguay","PRY",2015,41.6464,38.1701
"Paraguay","PRY",2016,51.4326,30.1869
"Peru","PER",2016,203.766,55.7628
"Peru","PER",2010,NA,162.586
"Peru","PER",2011,NA,130.976
"Peru","PER",2012,NA,93.7177
"Peru","PER",2013,NA,85.832
"Peru","PER",2014,NA,78.6021
"Peru","PER",2015,NA,69.2238
"Philippines","PHL",2010,2.20481,55.3431
"Philippines","PHL",2011,3.16236,59.7824
"Philippines","PHL",2012,3.31815,66.2485
"Philippines","PHL",2013,2.01724,75.5107
"Philippines","PHL",2014,4.61994,82.7208
"Philippines","PHL",2015,6.40229,91.609
"Philippines","PHL",2016,8.59369,101.49
"Romania","ROU",2010,23.9705,0.32188
"Romania","ROU",2011,26.3047,0.33095
"Romania","ROU",2012,26.6743,0.32515
"Romania","ROU",2013,26.9151,0.32082
"Romania","ROU",2014,27.2124,0.32268
"Romania","ROU",2015,27.8904,0.32878
"Romania","ROU",2016,28.3925,0.33689
"Rwanda","RWA",2010,1497.96,2109.15
"Rwanda","RWA",2011,2631.32,905.834
"Rwanda","RWA",2012,2408.07,1118.59
"Rwanda","RWA",2013,2535.07,950.781
"Rwanda","RWA",2014,2687.7,833.54
"Rwanda","RWA",2015,2814.14,655.511
"Rwanda","RWA",2016,2482.57,829.347
"Saudi Arabia","SAU",2010,21.8286,15.4805
"Saudi Arabia","SAU",2011,9.07104,28.5903
"Saudi Arabia","SAU",2012,0.00022,37.7176
"Saudi Arabia","SAU",2013,12.852,24.961
"Saudi Arabia","SAU",2014,11.1294,26.5221
"Saudi Arabia","SAU",2015,15.369,21.9217
"Saudi Arabia","SAU",2016,15.0987,21.6648
"Senegal","SEN",2010,126.508,787.431
"Senegal","SEN",2011,151.307,766.511
"Senegal","SEN",2012,227.883,680.315
"Senegal","SEN",2013,337.48,559.166
"Senegal","SEN",2014,284.708,564.982
"Senegal","SEN",2015,350.147,453.348
"Senegal","SEN",2016,355.061,411.434
"Sierra Leone","SLE",2016,822.554,374.703
"Sierra Leone","SLE",2010,NA,925.261
"Sierra Leone","SLE",2011,NA,858.995
"Sierra Leone","SLE",2012,NA,729.534
"Sierra Leone","SLE",2013,NA,794.637
"Sierra Leone","SLE",2014,NA,642.274
"Sierra Leone","SLE",2015,NA,449.657
"Somalia","SOM",2010,2.71993,428.397
"Somalia","SOM",2011,3.49042,415.141
"Somalia","SOM",2012,14.3604,393.521
"Somalia","SOM",2013,11.0323,387.29
"Somalia","SOM",2014,12.5052,379.746
"Somalia","SOM",2015,18.8106,366.25
"Somalia","SOM",2016,19.1959,357.883
"South Africa","ZAF",2010,69249.7,25475.6
"South Africa","ZAF",2011,64520.3,25264.5
"South Africa","ZAF",2012,58393.2,24921.1
"South Africa","ZAF",2013,59241.6,19958.9
"South Africa","ZAF",2014,69413.5,15590.8
"South Africa","ZAF",2015,69604.7,17104.3
"South Africa","ZAF",2016,69021.2,11806.8
"South Sudan","SSD",2010,160.513,2834.12
"South Sudan","SSD",2011,197.834,2800.59
"South Sudan","SSD",2012,222.858,2781.06
"South Sudan","SSD",2013,404.013,2606.29
"South Sudan","SSD",2014,349.183,2674.43
"South Sudan","SSD",2015,1006.55,2038.97
"South Sudan","SSD",2016,679.814,2409.76
"Spain","ESP",2010,108.105,1.54137
"Spain","ESP",2011,111.484,1.58908
"Spain","ESP",2012,108.313,1.54339
"Spain","ESP",2013,105.198,1.49773
"Spain","ESP",2014,102.988,1.46424
"Spain","ESP",2015,101.537,1.44149
"Spain","ESP",2016,103.96,1.41427
"Sudan","SDN",2010,11.9099,490.028
"Sudan","SDN",2011,6.4552,526.397
"Sudan","SDN",2012,13.3741,540.771
"Sudan","SDN",2013,16.0768,554.809
"Sudan","SDN",2014,23.8908,563.075
"Sudan","SDN",2015,25.0603,578.592
"Sudan","SDN",2016,20.4147,596.111
"Suriname","SUR",2010,15.1655,12.9637
"Suriname","SUR",2011,16.0464,6.54754
"Suriname","SUR",2012,14.9481,6.68988
"Suriname","SUR",2013,11.6798,5.01685
"Suriname","SUR",2014,12.1734,5.16354
"Suriname","SUR",2015,11.6385,5.81364
"Suriname","SUR",2016,6.29155,7.9803
"Sweden","SWE",2010,14.5394,0.17169
"Sweden","SWE",2011,10.0689,5.87483
"Sweden","SWE",2012,16.7701,0.19381
"Sweden","SWE",2013,16.6259,0.21159
"Sweden","SWE",2014,18.6976,0.23306
"Sweden","SWE",2015,18.8429,0.26857
"Sweden","SWE",2016,22.0834,0.3031
"Tajikistan","TJK",2010,4.88483,49.7739
"Tajikistan","TJK",2011,7.41514,48.2212
"Tajikistan","TJK",2012,10.3255,45.9319
"Tajikistan","TJK",2013,14.1481,43.0663
"Tajikistan","TJK",2014,34.1382,22.7291
"Tajikistan","TJK",2015,38.4663,19.1305
"Tajikistan","TJK",2016,37.4601,22.9279
"Tanzania","TZA",2010,13225.4,10680
"Tanzania","TZA",2011,13987.1,9882.31
"Tanzania","TZA",2012,14632.9,8646.88
"Tanzania","TZA",2013,14773.4,8068.32
"Tanzania","TZA",2014,14949.3,8347.06
"Tanzania","TZA",2015,14448.7,9609.29
"Tanzania","TZA",2016,14796.5,10050.2
"Thailand","THA",2010,1471.74,277.44
"Thailand","THA",2011,1325.04,162.85
"Thailand","THA",2012,1158.43,121.975
"Thailand","THA",2013,1030.67,72.2584
"Thailand","THA",2014,947.461,57.9048
"Thailand","THA",2015,865.443,47.2285
"Thailand","THA",2016,792.175,41.5199
"Togo","TGO",2010,297.424,2247.11
"Togo","TGO",2011,663.03,1736.07
"Togo","TGO",2012,636.95,1629.85
"Togo","TGO",2013,659.397,1480.86
"Togo","TGO",2014,680.414,1342.5
"Togo","TGO",2015,1110.32,799.805
"Togo","TGO",2016,1040.9,747.564
"Trinidad and Tobago","TTO",2010,21.2231,5.90659
"Trinidad and Tobago","TTO",2011,23.7529,6.2965
"Trinidad and Tobago","TTO",2012,23.7991,6.30197
"Trinidad and Tobago","TTO",2013,24.057,8.24241
"Trinidad and Tobago","TTO",2014,24.0615,7.33571
"Trinidad and Tobago","TTO",2015,21.86,10.3442
"Trinidad and Tobago","TTO",2016,20.1524,4.9602
"Uganda","UGA",2010,4926.99,26257.2
"Uganda","UGA",2011,9351.29,22947.1
"Uganda","UGA",2012,20669.4,15912.9
"Uganda","UGA",2013,23155.4,11722.1
"Uganda","UGA",2014,27309.8,5252
"Uganda","UGA",2015,28762.4,4504.35
"Uganda","UGA",2016,27299.2,4586.95
"Ukraine","UKR",2010,206.739,298.1
"Ukraine","UKR",2011,209.778,343.193
"Ukraine","UKR",2012,210.916,362.667
"Ukraine","UKR",2013,241.342,342.545
"Ukraine","UKR",2014,288.31,360.589
"Ukraine","UKR",2015,311.119,397.311
"Ukraine","UKR",2016,338.35,408.432
"Uruguay","URY",2016,21.819,7.78924
"Uruguay","URY",2010,NA,5.82929
"Uruguay","URY",2011,NA,5.40578
"Uruguay","URY",2012,NA,4.92478
"Uruguay","URY",2013,NA,4.24034
"Uruguay","URY",2014,NA,4.00829
"Uruguay","URY",2015,NA,5.7402
"Venezuela","VEN",2010,95.4593,393.304
"Venezuela","VEN",2011,77.514,425.187
"Venezuela","VEN",2012,95.2549,419.353
"Venezuela","VEN",2013,119.568,403.796
"Venezuela","VEN",2014,155.588,370.304
"Venezuela","VEN",2015,204.923,307.799
"Venezuela","VEN",2016,232.331,281.91
"Vietnam","VNM",2010,389.443,578.533
"Vietnam","VNM",2011,374.585,581.8
"Vietnam","VNM",2012,406.63,520
"Vietnam","VNM",2013,372.393,530.104
"Vietnam","VNM",2014,431.749,451.435
"Vietnam","VNM",2015,461.427,375.653
"Vietnam","VNM",2016,481.399,334.155
"West and Central Africa",NA,2010,16260.7,90177.7
"West and Central Africa",NA,2011,18147.8,86041
"West and Central Africa",NA,2012,20707.7,80579.2
"West and Central Africa",NA,2013,26046.2,73118.1
"West and Central Africa",NA,2014,30355.3,68480.8
"West and Central Africa",NA,2015,33708.2,65151.6
"West and Central Africa",NA,2016,37978.8,60472.7
"World","OWID_WRL",2010,164146,296858
"World","OWID_WRL",2011,179101,273670
"World","OWID_WRL",2012,199093,247942
"World","OWID_WRL",2013,217028,220411
"World","OWID_WRL",2014,253966,187207
"World","OWID_WRL",2015,270913,171129
"World","OWID_WRL",2016,271544,158121
"Yemen","YEM",2010,3.43978,63.6715
"Yemen","YEM",2011,3.56855,68.514
"Yemen","YEM",2012,4.34082,73.4445
"Yemen","YEM",2013,4.45872,78.6465
"Yemen","YEM",2014,5.81308,82.741
"Yemen","YEM",2015,5.87635,88.9799
"Yemen","YEM",2016,5.89427,95.0325
"Zambia","ZMB",2010,20909.9,10100.1
"Zambia","ZMB",2011,20745.8,10748
"Zambia","ZMB",2012,21695.9,10152.6
"Zambia","ZMB",2013,22853.3,11762.4
"Zambia","ZMB",2014,26351.9,11505
"Zambia","ZMB",2015,32663,7941.22
"Zambia","ZMB",2016,30625.4,8905.52
